bus,Pg,Qg,Qmax,Qmin,Vsp,mBase,status,Pmax,Pmin,minDownTimeHr,minUpTimeHr,RampRateMW/Min,StartTimeColdHr,StartTimeWarmHr,StartTimeHotHr,StartHeatColdMBTU,StartHeatWarmMBTU,StartHeatHotMBTU,NonFuelStartCost$,NonFuelShutdownCost$,FOR,MTTF_Hr,MTTR_Hr,ScheduledMaintWeeks,FuelPrice$/MMBTU,Output_pct_0,Output_pct_1,Output_pct_2,Output_pct_3,Output_pct_4,HR_avg_0,HR_incr_1,HR_incr_2,HR_incr_3,HR_incr_4,VOM,FuelSulfurContent%,EmissionsSO2 Lbs/MMBTU,EmissionsNOXLbs/MMBTU,EmissionsPartLbs/MMBTU,EmissionsCO2 Lbs/MMBTU,EmissionsCH4Lbs/MMBTU,EmissionsN2OLbs/MMBTU,EmissionsCOLbs/MMBTU,EmissionsVOCsLbs/MMBTU,DampingRatio,InertiaMJ/MW,BaseMVA,TransformerXp.u.,UnitXp.u.,PumpLoadMW,StorageRoundtripEfficiency,GEN_UID,Gen_ID,UnitGroup,UnitType,Category,Fuel
101,8.0,4.96,10,0,1.0468,100,1,20.0,8,1.0,1.0,3.0,1,0.0,0.0,5.0,5.0,5.0,0,0,0.1,450,50,2.0,10.3494,0.4,0.6,0.8,1.0,NA,13114.0,9456.0,9476.0,10352.0,NA,0.0,0.2,0.2,0.5,0.036,160,0.002,0.004,0.11,0.04,0,2.8,24,0.13,0.32,0,0,101_CT_1,1,U20,CT,Oil CT,Oil
101,8.0,4.96,10,0,1.0468,100,1,20.0,8,1.0,1.0,3.0,1,0.0,0.0,5.0,5.0,5.0,0,0,0.1,450,50,2.0,10.3494,0.4,0.6,0.8,1.0,NA,13114.0,9456.0,9476.0,10352.0,NA,0.0,0.2,0.2,0.5,0.036,160,0.002,0.004,0.11,0.04,0,2.8,24,0.13,0.32,0,0,101_CT_2,2,U20,CT,Oil CT,Oil
101,76.0,0.14,30,-25,1.0468,100,1,76.0,30,4.0,8.0,2.0,12,10.0,3.0,5284.8,4861.4,3379.4,0,0,0.02,1960,40,3.0,2.11399,0.394736842,0.596491228,0.798245614,1.0,NA,13270.0,6713.0,8028.0,8549.0,NA,0.0,Unit-specific,Unit-specific,Unit-specific,Unit-specific,210,0.001,0.004,0.02,0.003,0,3.0,89,0.13,0.3,0,0,101_STEAM_3,3,U76,STEAM,Coal,Coal
101,76.0,0.14,30,-25,1.0468,100,1,76.0,30,4.0,8.0,2.0,12,10.0,3.0,5284.8,4861.4,3379.4,0,0,0.02,1960,40,3.0,2.11399,0.394736842,0.596491228,0.798245614,1.0,NA,13270.0,6713.0,8028.0,8549.0,NA,0.0,Unit-specific,Unit-specific,Unit-specific,Unit-specific,210,0.001,0.004,0.02,0.003,0,3.0,89,0.13,0.3,0,0,101_STEAM_4,4,U76,STEAM,Coal,Coal
102,8.0,4.88,10,0,1.0467,100,1,20.0,8,1.0,1.0,3.0,1,0.0,0.0,5.0,5.0,5.0,0,0,0.1,450,50,2.0,10.3494,0.4,0.6,0.8,1.0,NA,14639.0,8597.0,9147.0,9622.0,NA,0.0,0.2,0.2,0.5,0.036,160,0.002,0.004,0.11,0.04,0,2.8,24,0.13,0.32,0,0,102_CT_1,1,U20,CT,Oil CT,Oil
102,8.0,4.88,10,0,1.0467,100,1,20.0,8,1.0,1.0,3.0,1,0.0,0.0,5.0,5.0,5.0,0,0,0.1,450,50,2.0,10.3494,0.4,0.6,0.8,1.0,NA,14639.0,8597.0,9147.0,9622.0,NA,0.0,0.2,0.2,0.5,0.036,160,0.002,0.004,0.11,0.04,0,2.8,24,0.13,0.32,0,0,102_CT_2,2,U20,CT,Oil CT,Oil
102,76.0,-2.31,30,-25,1.0467,100,1,76.0,30,4.0,8.0,2.0,12,10.0,3.0,5284.8,4861.4,3379.4,0,0,0.02,1960,40,3.0,2.11399,0.394736842,0.596491228,0.798245614,1.0,NA,11591.0,8734.0,9861.0,10651.0,NA,0.0,Unit-specific,Unit-specific,Unit-specific,Unit-specific,210,0.001,0.004,0.02,0.003,0,3.0,89,0.13,0.3,0,0,102_STEAM_3,3,U76,STEAM,Coal,Coal
102,76.0,-2.31,30,-25,1.0467,100,1,76.0,30,4.0,8.0,2.0,12,10.0,3.0,5284.8,4861.4,3379.4,0,0,0.02,1960,40,3.0,2.11399,0.394736842,0.596491228,0.798245614,1.0,NA,11591.0,8734.0,9861.0,10651.0,NA,0.0,Unit-specific,Unit-specific,Unit-specific,Unit-specific,210,0.001,0.004,0.02,0.003,0,3.0,89,0.13,0.3,0,0,102_STEAM_4,4,U76,STEAM,Coal,Coal
107,355.0,49.51,150,-25,1.05,100,1,355.0,170,4.5,8.0,4.14,2,1.0,0.5,7215.1,4536.1,3196.6,0,0,0.033,967,33,1.07,3.88722,0.478873239,0.65258216,0.82629108,1.0,NA,7222.0,5970.0,6892.0,7854.0,NA,0.0,0,0.0006,0.079999998,0,118,0.0,0.0,0.0,0.0,0,5.0,414,0.13,0.3,0,0,107_CC_1,1,U355,CC,Gas CC,NG
113,22.0,19.0,19,-15,1.0347,100,1,55.0,22,2.2,2.2,3.7,1,0.75,0.25,1457.4,1122.5,452.8,0,0,0.031,969,31,0.79,3.88722,0.4,0.6,0.8,1.0,NA,13125.0,6899.0,7602.0,7797.0,NA,0.0,0,0.0006,0.079999998,0,118,0.0,0.0,0.0,0.0,0,2.8,64,0.13,0.32,0,0,113_CT_1,1,U55,CT,Gas CT,NG
113,22.0,19.0,19,-15,1.0347,100,1,55.0,22,2.2,2.2,3.7,1,0.75,0.25,1457.4,1122.5,452.8,0,0,0.031,969,31,0.79,3.88722,0.4,0.6,0.8,1.0,NA,13125.0,6899.0,7602.0,7797.0,NA,0.0,0,0.0006,0.079999998,0,118,0.0,0.0,0.0,0.0,0,2.8,64,0.13,0.32,0,0,113_CT_2,2,U55,CT,Gas CT,NG
113,22.0,19.0,19,-15,1.0347,100,1,55.0,22,2.2,2.2,3.7,1,0.75,0.25,1457.4,1122.5,452.8,0,0,0.031,969,31,0.79,3.88722,0.4,0.6,0.8,1.0,NA,13125.0,6899.0,7602.0,7797.0,NA,0.0,0,0.0006,0.079999998,0,118,0.0,0.0,0.0,0.0,0,2.8,64,0.13,0.32,0,0,113_CT_3,3,U55,CT,Gas CT,NG
113,22.0,19.0,19,-15,1.0347,100,1,55.0,22,2.2,2.2,3.7,1,0.75,0.25,1457.4,1122.5,452.8,0,0,0.031,969,31,0.79,3.88722,0.4,0.6,0.8,1.0,NA,13125.0,6899.0,7602.0,7797.0,NA,0.0,0,0.0006,0.079999998,0,118,0.0,0.0,0.0,0.0,0,2.8,64,0.13,0.32,0,0,113_CT_4,4,U55,CT,Gas CT,NG
115,5.0,6.0,6,0,1.0428,100,1,12.0,5,2.0,4.0,1.0,12,4.0,2.0,68.0,44.0,38.0,0,0,0.02,2940,60,2.0,10.3494,0.416666667,0.611111111,0.805555556,1.0,NA,17340.0,12030.0,12083.0,12913.0,NA,0.0,Unit-Specific,Unit-specific,0.5,0.1,170,0.002,0.004,0.04,0.007,0,2.8,14,0.13,0.32,0,0,115_STEAM_1,1,U12,STEAM,Oil ST,Oil
115,5.0,6.0,6,0,1.0428,100,1,12.0,5,2.0,4.0,1.0,12,4.0,2.0,68.0,44.0,38.0,0,0,0.02,2940,60,2.0,10.3494,0.416666667,0.611111111,0.805555556,1.0,NA,17340.0,12030.0,12083.0,12913.0,NA,0.0,Unit-Specific,Unit-specific,0.5,0.1,170,0.002,0.004,0.04,0.007,0,2.8,14,0.13,0.32,0,0,115_STEAM_2,2,U12,STEAM,Oil ST,Oil
115,62.0,80.0,80,-50,1.0428,100,1,155.0,62,8.0,8.0,3.0,60,11.0,3.0,10778.1,7437.5,6892.1,0,0,0.04,960,40,4.0,2.11399,0.4,0.6,0.8,1.0,NA,11446.0,9650.0,10640.0,12796.0,NA,0.0,Unit-specific,Unit-specific,Unit-specific,Unit-specific,210,0.001,0.004,0.02,0.003,0,3.0,182,0.13,0.3,0,0,115_STEAM_3,3,U155,STEAM,Coal,Coal
116,62.000000000000355,80.0,80,-50,1.0461,100,1,155.0,62,8.0,8.0,3.0,60,11.0,3.0,10778.1,7437.5,6892.1,0,0,0.04,960,40,4.0,2.11399,0.4,0.6,0.8,1.0,NA,13238.0,9312.0,10158.0,11294.0,NA,0.0,Unit-specific,Unit-specific,Unit-specific,Unit-specific,210,0.001,0.004,0.02,0.003,0,3.0,182,0.13,0.3,0,0,116_STEAM_1,1,U155,STEAM,Coal,Coal
118,170.0,68.43,150,-25,1.05,100,1,355.0,170,4.5,8.0,4.14,2,1.0,0.5,7215.1,4536.1,3196.6,0,0,0.033,967,33,1.07,3.88722,0.478873239,0.65258216,0.82629108,1.0,NA,7257.0,5808.0,7140.0,8351.0,NA,0.0,0,0.0006,0.079999998,0,118,0.0,0.0,0.0,0.0,0,5.0,414,0.13,0.3,0,0,118_CC_1,1,U355,CC,Gas CC,NG
123,62.0,-5.19,80,-50,1.05,100,1,155.0,62,8.0,8.0,3.0,60,11.0,3.0,10778.1,7437.5,6892.1,0,0,0.04,960,40,4.0,2.11399,0.4,0.6,0.8,1.0,NA,10967.0,9191.0,10865.0,15627.0,NA,0.0,Unit-specific,Unit-specific,Unit-specific,Unit-specific,210,0.001,0.004,0.02,0.003,0,3.0,182,0.13,0.3,0,0,123_STEAM_2,2,U155,STEAM,Coal,Coal
123,240.19999999999797,28.41,150,-25,1.05,100,1,350.0,140,48.0,24.0,4.0,96,12.0,8.0,17384.1,10114.4,9768.2,0,0,0.08,1150,100,5.0,2.11399,0.4,0.6,0.8,1.0,NA,12106.0,9453.0,10240.0,11087.0,NA,0.0,Unit-specific,Unit-specific,Unit-specific,Unit-specific,210,0.001,0.004,0.02,0.003,0,3.0,412,0.13,0.3,0,0,123_STEAM_3,3,U350,STEAM,Coal,Coal
123,55.0,0.62,19,-15,1.05,100,1,55.0,22,2.2,2.2,3.7,1,0.75,0.25,1457.4,1122.5,452.8,0,0,0.031,969,31,0.79,3.88722,0.4,0.6,0.8,1.0,NA,12725.0,6757.0,7667.0,7998.0,NA,0.0,0,0.0006,0.079999998,0,118,0.0,0.0,0.0,0.0,0,2.8,64,0.13,0.32,0,0,123_CT_1,1,U55,CT,Gas CT,NG
123,21.999999999999993,0.62,19,-15,1.05,100,1,55.0,22,2.2,2.2,3.7,1,0.75,0.25,1457.4,1122.5,452.8,0,0,0.031,969,31,0.79,3.88722,0.4,0.6,0.8,1.0,NA,12725.0,6757.0,7667.0,7998.0,NA,0.0,0,0.0006,0.079999998,0,118,0.0,0.0,0.0,0.0,0,2.8,64,0.13,0.32,0,0,123_CT_4,4,U55,CT,Gas CT,NG
123,21.999999999999993,0.62,19,-15,1.05,100,1,55.0,22,2.2,2.2,3.7,1,0.75,0.25,1457.4,1122.5,452.8,0,0,0.031,969,31,0.79,3.88722,0.4,0.6,0.8,1.0,NA,12725.0,6757.0,7667.0,7998.0,NA,0.0,0,0.0006,0.079999998,0,118,0.0,0.0,0.0,0.0,0,2.8,64,0.13,0.32,0,0,123_CT_5,5,U55,CT,Gas CT,NG
201,8.0,5.29,10,0,1.05,100,1,20.0,8,1.0,1.0,3.0,1,0.0,0.0,5.0,5.0,5.0,0,0,0.1,450,50,2.0,10.3494,0.4,0.6,0.8,1.0,NA,13977.0,7969.0,8107.0,10782.0,NA,0.0,0.2,0.2,0.5,0.036,160,0.002,0.004,0.11,0.04,0,2.8,24,0.13,0.32,0,0,201_CT_1,1,U20,CT,Oil CT,Oil
201,8.0,5.29,10,0,1.05,100,1,20.0,8,1.0,1.0,3.0,1,0.0,0.0,5.0,5.0,5.0,0,0,0.1,450,50,2.0,10.3494,0.4,0.6,0.8,1.0,NA,13977.0,7969.0,8107.0,10782.0,NA,0.0,0.2,0.2,0.5,0.036,160,0.002,0.004,0.11,0.04,0,2.8,24,0.13,0.32,0,0,201_CT_2,2,U20,CT,Oil CT,Oil
201,30.00000000000071,6.99,30,-25,1.05,100,1,76.0,30,4.0,8.0,2.0,12,10.0,3.0,5284.8,4861.4,3379.4,0,0,0.02,1960,40,3.0,2.11399,0.394736842,0.596491228,0.798245614,1.0,NA,12989.0,10495.0,11090.0,12185.0,NA,0.0,Unit-specific,Unit-specific,Unit-specific,Unit-specific,210,0.001,0.004,0.02,0.003,0,3.0,89,0.13,0.3,0,0,201_STEAM_3,3,U76,STEAM,Coal,Coal
202,8.0,5.13,10,0,1.05,100,1,20.0,8,1.0,1.0,3.0,1,0.0,0.0,5.0,5.0,5.0,0,0,0.1,450,50,2.0,10.3494,0.4,0.6,0.8,1.0,NA,13663.0,7836.0,8442.0,9454.0,NA,0.0,0.2,0.2,0.5,0.036,160,0.002,0.004,0.11,0.04,0,2.8,24,0.13,0.32,0,0,202_CT_1,1,U20,CT,Oil CT,Oil
202,8.0,5.13,10,0,1.05,100,1,20.0,8,1.0,1.0,3.0,1,0.0,0.0,5.0,5.0,5.0,0,0,0.1,450,50,2.0,10.3494,0.4,0.6,0.8,1.0,NA,13663.0,7836.0,8442.0,9454.0,NA,0.0,0.2,0.2,0.5,0.036,160,0.002,0.004,0.11,0.04,0,2.8,24,0.13,0.32,0,0,202_CT_2,2,U20,CT,Oil CT,Oil
202,30.00000000000231,2.01,30,-25,1.05,100,1,76.0,30,4.0,8.0,2.0,12,10.0,3.0,5284.8,4861.4,3379.4,0,0,0.02,1960,40,3.0,2.11399,0.394736842,0.596491228,0.798245614,1.0,NA,11846.0,9989.0,10070.0,12902.0,NA,0.0,Unit-specific,Unit-specific,Unit-specific,Unit-specific,210,0.001,0.004,0.02,0.003,0,3.0,89,0.13,0.3,0,0,202_STEAM_3,3,U76,STEAM,Coal,Coal
202,30.0,2.01,30,-25,1.05,100,1,76.0,30,4.0,8.0,2.0,12,10.0,3.0,5284.8,4861.4,3379.4,0,0,0.02,1960,40,3.0,2.11399,0.394736842,0.596491228,0.798245614,1.0,NA,11846.0,9989.0,10070.0,12902.0,NA,0.0,Unit-specific,Unit-specific,Unit-specific,Unit-specific,210,0.001,0.004,0.02,0.003,0,3.0,89,0.13,0.3,0,0,202_STEAM_4,4,U76,STEAM,Coal,Coal
207,21.999999999999993,19.0,19,-15,0.9699,100,1,55.0,22,2.2,2.2,3.7,1,0.75,0.25,1457.4,1122.5,452.8,0,0,0.031,969,31,0.79,3.88722,0.4,0.6,0.8,1.0,NA,13051.0,8804.0,9481.0,10955.0,NA,0.0,0,0.0006,0.079999998,0,118,0.0,0.0,0.0,0.0,0,2.8,64,0.13,0.32,0,0,207_CT_1,1,U55,CT,Gas CT,NG
207,21.999999999999993,19.0,19,-15,0.9699,100,1,55.0,22,2.2,2.2,3.7,1,0.75,0.25,1457.4,1122.5,452.8,0,0,0.031,969,31,0.79,3.88722,0.4,0.6,0.8,1.0,NA,13051.0,8804.0,9481.0,10955.0,NA,0.0,0,0.0006,0.079999998,0,118,0.0,0.0,0.0,0.0,0,2.8,64,0.13,0.32,0,0,207_CT_2,2,U55,CT,Gas CT,NG
213,170.0,135.8,150,-25,1.05,100,1,355.0,170,4.5,8.0,4.14,2,1.0,0.5,7215.1,4536.1,3196.6,0,0,0.033,967,33,1.07,3.88722,0.478873239,0.65258216,0.82629108,1.0,NA,7824.0,6334.0,6979.0,8749.0,NA,0.0,0,0.0006,0.079999998,0,118,0.0,0.0,0.0,0.0,0,5.0,414,0.13,0.3,0,0,213_CC_3,3,U355,CC,Gas CC,NG
213,21.999999999999993,9.23,19,-15,1.05,100,1,55.0,22,2.2,2.2,3.7,1,0.75,0.25,1457.4,1122.5,452.8,0,0,0.031,969,31,0.79,3.88722,0.4,0.6,0.8,1.0,NA,13125.0,6899.0,7602.0,7797.0,NA,0.0,0,0.0006,0.079999998,0,118,0.0,0.0,0.0,0.0,0,2.8,64,0.13,0.32,0,0,213_CT_1,1,U55,CT,Gas CT,NG
213,21.999999999999993,9.23,19,-15,1.05,100,1,55.0,22,2.2,2.2,3.7,1,0.75,0.25,1457.4,1122.5,452.8,0,0,0.031,969,31,0.79,3.88722,0.4,0.6,0.8,1.0,NA,13125.0,6899.0,7602.0,7797.0,NA,0.0,0,0.0006,0.079999998,0,118,0.0,0.0,0.0,0.0,0,2.8,64,0.13,0.32,0,0,213_CT_2,2,U55,CT,Gas CT,NG
215,21.999999999999993,19.0,19,-15,1.0437,100,1,55.0,22,2.2,2.2,3.7,1,0.75,0.25,1457.4,1122.5,452.8,0,0,0.031,969,31,0.79,3.88722,0.4,0.6,0.8,1.0,NA,14229.0,6668.0,6987.0,8421.0,NA,0.0,0,0.0006,0.079999998,0,118,0.0,0.0,0.0,0.0,0,2.8,64,0.13,0.32,0,0,215_CT_4,4,U55,CT,Gas CT,NG
215,21.999999999999993,19.0,19,-15,1.0437,100,1,55.0,22,2.2,2.2,3.7,1,0.75,0.25,1457.4,1122.5,452.8,0,0,0.031,969,31,0.79,3.88722,0.4,0.6,0.8,1.0,NA,14229.0,6668.0,6987.0,8421.0,NA,0.0,0,0.0006,0.079999998,0,118,0.0,0.0,0.0,0.0,0,2.8,64,0.13,0.32,0,0,215_CT_5,5,U55,CT,Gas CT,NG
216,62.00000000000142,80.0,80,-50,1.0473,100,1,155.0,62,8.0,8.0,3.0,60,11.0,3.0,10778.1,7437.5,6892.1,0,0,0.04,960,40,4.0,2.11399,0.4,0.6,0.8,1.0,NA,10881.0,8786.0,10333.0,11191.0,NA,0.0,Unit-specific,Unit-specific,Unit-specific,Unit-specific,210,0.001,0.004,0.02,0.003,0,3.0,182,0.13,0.3,0,0,216_STEAM_1,1,U155,STEAM,Coal,Coal
218,170.0,60.3,150,-25,1.05,100,1,355.0,170,4.5,8.0,4.14,2,1.0,0.5,7215.1,4536.1,3196.6,0,0,0.033,967,33,1.07,3.88722,0.478873239,0.65258216,0.82629108,1.0,NA,11385.0,5388.0,5575.0,7658.0,NA,0.0,0,0.0006,0.079999998,0,118,0.0,0.0,0.0,0.0,0,5.0,414,0.13,0.3,0,0,218_CC_1,1,U355,CC,Gas CC,NG
221,170.0000000000014,-7.52,150,-25,1.05,100,1,355.0,170,4.5,8.0,4.14,2,1.0,0.5,7215.1,4536.1,3196.6,0,0,0.033,967,33,1.07,3.88722,0.478873239,0.65258216,0.82629108,1.0,NA,6887.0,5950.0,6772.0,9293.0,NA,0.0,0,0.0006,0.079999998,0,118,0.0,0.0,0.0,0.0,0,5.0,414,0.13,0.3,0,0,221_CC_1,1,U355,CC,Gas CC,NG
223,62.0,-10.31,80,-50,1.05,100,1,155.0,62,8.0,8.0,3.0,60,11.0,3.0,10778.1,7437.5,6892.1,0,0,0.04,960,40,4.0,2.11399,0.4,0.6,0.8,1.0,NA,10857.0,9004.0,9314.0,9659.0,NA,0.0,Unit-specific,Unit-specific,Unit-specific,Unit-specific,210,0.001,0.004,0.02,0.003,0,3.0,182,0.13,0.3,0,0,223_STEAM_1,1,U155,STEAM,Coal,Coal
223,62.0,-10.31,80,-50,1.05,100,1,155.0,62,8.0,8.0,3.0,60,11.0,3.0,10778.1,7437.5,6892.1,0,0,0.04,960,40,4.0,2.11399,0.4,0.6,0.8,1.0,NA,10857.0,9004.0,9314.0,9659.0,NA,0.0,Unit-specific,Unit-specific,Unit-specific,Unit-specific,210,0.001,0.004,0.02,0.003,0,3.0,182,0.13,0.3,0,0,223_STEAM_2,2,U155,STEAM,Coal,Coal
223,140.0,20.59,150,-25,1.05,100,1,350.0,140,48.0,24.0,4.0,96,12.0,8.0,17384.1,10114.4,9768.2,0,0,0.08,1150,100,5.0,2.11399,0.4,0.6,0.8,1.0,NA,11229.0,8922.0,10913.0,11645.0,NA,0.0,Unit-specific,Unit-specific,Unit-specific,Unit-specific,210,0.001,0.004,0.02,0.003,0,3.0,412,0.13,0.3,0,0,223_STEAM_3,3,U350,STEAM,Coal,Coal
223,22.0,0.24,19,-15,1.05,100,1,55.0,22,2.2,2.2,3.7,1,0.75,0.25,1457.4,1122.5,452.8,0,0,0.031,969,31,0.79,3.88722,0.4,0.6,0.8,1.0,NA,19794.0,9595.0,10225.0,10676.0,NA,0.0,0,0.0006,0.079999998,0,118,0.0,0.0,0.0,0.0,0,2.8,64,0.13,0.32,0,0,223_CT_4,4,U55,CT,Gas CT,NG
223,22.0,0.24,19,-15,1.05,100,1,55.0,22,2.2,2.2,3.7,1,0.75,0.25,1457.4,1122.5,452.8,0,0,0.031,969,31,0.79,3.88722,0.4,0.6,0.8,1.0,NA,19794.0,9595.0,10225.0,10676.0,NA,0.0,0,0.0006,0.079999998,0,118,0.0,0.0,0.0,0.0,0,2.8,64,0.13,0.32,0,0,223_CT_5,5,U55,CT,Gas CT,NG
223,22.0,0.24,19,-15,1.05,100,1,55.0,22,2.2,2.2,3.7,1,0.75,0.25,1457.4,1122.5,452.8,0,0,0.031,969,31,0.79,3.88722,0.4,0.6,0.8,1.0,NA,19794.0,9595.0,10225.0,10676.0,NA,0.0,0,0.0006,0.079999998,0,118,0.0,0.0,0.0,0.0,0,2.8,64,0.13,0.32,0,0,223_CT_6,6,U55,CT,Gas CT,NG
301,8.0,7.95,10,0,1.05,100,1,20.0,8,1.0,1.0,3.0,1,0.0,0.0,5.0,5.0,5.0,0,0,0.1,450,50,2.0,10.3494,0.4,0.6,0.8,1.0,NA,14593.0,8431.0,9633.0,10181.0,NA,0.0,0.2,0.2,0.5,0.036,160,0.002,0.004,0.11,0.04,0,2.8,24,0.13,0.32,0,0,301_CT_1,1,U20,CT,Oil CT,Oil
301,8.0,7.95,10,0,1.05,100,1,20.0,8,1.0,1.0,3.0,1,0.0,0.0,5.0,5.0,5.0,0,0,0.1,450,50,2.0,10.3494,0.4,0.6,0.8,1.0,NA,14593.0,8431.0,9633.0,10181.0,NA,0.0,0.2,0.2,0.5,0.036,160,0.002,0.004,0.11,0.04,0,2.8,24,0.13,0.32,0,0,301_CT_2,2,U20,CT,Oil CT,Oil
301,22.00000000000071,16.53,19,-15,1.05,100,1,55.0,22,2.2,2.2,3.7,1,0.75,0.25,1457.4,1122.5,452.8,0,0,0.031,969,31,0.79,3.88722,0.4,0.6,0.8,1.0,NA,13090.0,7324.0,7534.0,11253.0,NA,0.0,0,0.0006,0.079999998,0,118,0.0,0.0,0.0,0.0,0,2.8,64,0.13,0.32,0,0,301_CT_3,3,U55,CT,Gas CT,NG
301,22.0,16.53,19,-15,1.05,100,1,55.0,22,2.2,2.2,3.7,1,0.75,0.25,1457.4,1122.5,452.8,0,0,0.031,969,31,0.79,3.88722,0.4,0.6,0.8,1.0,NA,13090.0,7324.0,7534.0,11253.0,NA,0.0,0,0.0006,0.079999998,0,118,0.0,0.0,0.0,0.0,0,2.8,64,0.13,0.32,0,0,301_CT_4,4,U55,CT,Gas CT,NG
302,8.0,6.16,10,0,1.05,100,1,20.0,8,1.0,1.0,3.0,1,0.0,0.0,5.0,5.0,5.0,0,0,0.1,450,50,2.0,10.3494,0.4,0.6,0.8,1.0,NA,14593.0,8431.0,9633.0,10181.0,NA,0.0,0.2,0.2,0.5,0.036,160,0.002,0.004,0.11,0.04,0,2.8,24,0.13,0.32,0,0,302_CT_1,1,U20,CT,Oil CT,Oil
302,8.0,6.16,10,0,1.05,100,1,20.0,8,1.0,1.0,3.0,1,0.0,0.0,5.0,5.0,5.0,0,0,0.1,450,50,2.0,10.3494,0.4,0.6,0.8,1.0,NA,14593.0,8431.0,9633.0,10181.0,NA,0.0,0.2,0.2,0.5,0.036,160,0.002,0.004,0.11,0.04,0,2.8,24,0.13,0.32,0,0,302_CT_2,2,U20,CT,Oil CT,Oil
302,22.00000000000319,10.99,19,-15,1.05,100,1,55.0,22,2.2,2.2,3.7,1,0.75,0.25,1457.4,1122.5,452.8,0,0,0.031,969,31,0.79,3.88722,0.4,0.6,0.8,1.0,NA,15395.0,8693.0,9874.0,9939.0,NA,0.0,0,0.0006,0.079999998,0,118,0.0,0.0,0.0,0.0,0,2.8,64,0.13,0.32,0,0,302_CT_3,3,U55,CT,Gas CT,NG
302,21.999999999999993,10.99,19,-15,1.05,100,1,55.0,22,2.2,2.2,3.7,1,0.75,0.25,1457.4,1122.5,452.8,0,0,0.031,969,31,0.79,3.88722,0.4,0.6,0.8,1.0,NA,15395.0,8693.0,9874.0,9939.0,NA,0.0,0,0.0006,0.079999998,0,118,0.0,0.0,0.0,0.0,0,2.8,64,0.13,0.32,0,0,302_CT_4,4,U55,CT,Gas CT,NG
307,21.999999999999993,19.0,19,-15,0.9568,100,1,55.0,22,2.2,2.2,3.7,1,0.75,0.25,1457.4,1122.5,452.8,0,0,0.031,969,31,0.79,3.88722,0.4,0.6,0.8,1.0,NA,13353.0,7176.0,7517.0,9126.0,NA,0.0,0,0.0006,0.079999998,0,118,0.0,0.0,0.0,0.0,0,2.8,64,0.13,0.32,0,0,307_CT_1,1,U55,CT,Gas CT,NG
307,21.999999999999993,19.0,19,-15,0.9568,100,1,55.0,22,2.2,2.2,3.7,1,0.75,0.25,1457.4,1122.5,452.8,0,0,0.031,969,31,0.79,3.88722,0.4,0.6,0.8,1.0,NA,13353.0,7176.0,7517.0,9126.0,NA,0.0,0,0.0006,0.079999998,0,118,0.0,0.0,0.0,0.0,0,2.8,64,0.13,0.32,0,0,307_CT_2,2,U55,CT,Gas CT,NG
313,170.0,150.0,150,-25,1.035,100,1,355.0,170,4.5,8.0,4.14,2,1.0,0.5,7215.1,4536.1,3196.6,0,0,0.033,967,33,1.07,3.88722,0.478873239,0.65258216,0.82629108,1.0,NA,7934.0,4047.0,6883.0,8683.0,NA,0.0,0,0.0006,0.079999998,0,118,0.0,0.0,0.0,0.0,0,5.0,414,0.13,0.3,0,0,313_CC_1,1,U355,CC,Gas CC,NG
315,5.0,6.0,6,0,1.0422,100,1,12.0,5,2.0,4.0,1.0,12,4.0,2.0,68.0,44.0,38.0,0,0,0.02,2940,60,2.0,10.3494,0.416666667,0.611111111,0.805555556,1.0,NA,14410.0,7289.0,9701.0,11991.0,NA,0.0,Unit-Specific,Unit-specific,0.5,0.1,170,0.002,0.004,0.04,0.007,0,2.8,14,0.13,0.32,0,0,315_STEAM_1,1,U12,STEAM,Oil ST,Oil
315,5.0,6.0,6,0,1.0422,100,1,12.0,5,2.0,4.0,1.0,12,4.0,2.0,68.0,44.0,38.0,0,0,0.02,2940,60,2.0,10.3494,0.416666667,0.611111111,0.805555556,1.0,NA,14410.0,7289.0,9701.0,11991.0,NA,0.0,Unit-Specific,Unit-specific,0.5,0.1,170,0.002,0.004,0.04,0.007,0,2.8,14,0.13,0.32,0,0,315_STEAM_2,2,U12,STEAM,Oil ST,Oil
315,5.0,6.0,6,0,1.0422,100,1,12.0,5,2.0,4.0,1.0,12,4.0,2.0,68.0,44.0,38.0,0,0,0.02,2940,60,2.0,10.3494,0.416666667,0.611111111,0.805555556,1.0,NA,14410.0,7289.0,9701.0,11991.0,NA,0.0,Unit-Specific,Unit-specific,0.5,0.1,170,0.002,0.004,0.04,0.007,0,2.8,14,0.13,0.32,0,0,315_STEAM_3,3,U12,STEAM,Oil ST,Oil
315,5.0,6.0,6,0,1.0422,100,1,12.0,5,2.0,4.0,1.0,12,4.0,2.0,68.0,44.0,38.0,0,0,0.02,2940,60,2.0,10.3494,0.416666667,0.611111111,0.805555556,1.0,NA,14410.0,7289.0,9701.0,11991.0,NA,0.0,Unit-Specific,Unit-specific,0.5,0.1,170,0.002,0.004,0.04,0.007,0,2.8,14,0.13,0.32,0,0,315_STEAM_4,4,U12,STEAM,Oil ST,Oil
315,5.0,6.0,6,0,1.0422,100,1,12.0,5,2.0,4.0,1.0,12,4.0,2.0,68.0,44.0,38.0,0,0,0.02,2940,60,2.0,10.3494,0.416666667,0.611111111,0.805555556,1.0,NA,14410.0,7289.0,9701.0,11991.0,NA,0.0,Unit-Specific,Unit-specific,0.5,0.1,170,0.002,0.004,0.04,0.007,0,2.8,14,0.13,0.32,0,0,315_STEAM_5,5,U12,STEAM,Oil ST,Oil
315,22.000000000000703,19.0,19,-15,1.0422,100,1,55.0,22,2.2,2.2,3.7,1,0.75,0.25,1457.4,1122.5,452.8,0,0,0.031,969,31,0.79,3.88722,0.4,0.6,0.8,1.0,NA,10342.0,6792.0,6919.0,8195.0,NA,0.0,0,0.0006,0.079999998,0,118,0.0,0.0,0.0,0.0,0,2.8,64,0.13,0.32,0,0,315_CT_6,6,U55,CT,Gas CT,NG
315,21.999999999999993,19.0,19,-15,1.0422,100,1,55.0,22,2.2,2.2,3.7,1,0.75,0.25,1457.4,1122.5,452.8,0,0,0.031,969,31,0.79,3.88722,0.4,0.6,0.8,1.0,NA,10342.0,6792.0,6919.0,8195.0,NA,0.0,0,0.0006,0.079999998,0,118,0.0,0.0,0.0,0.0,0,2.8,64,0.13,0.32,0,0,315_CT_7,7,U55,CT,Gas CT,NG
315,21.999999999999993,60.0,60,0,1.0422,100,1,55.0,22,2.2,2.2,3.7,1,0.75,0.25,1457.4,1122.5,452.8,0,0,0.031,969,31,0.79,3.88722,0.4,0.6,0.8,1.0,NA,10342.0,6792.0,6919.0,8195.0,NA,0.0,0,0.0006,0.079999998,0,118,0.0,0.0,0.0,0.0,0,2.8,64,0.13,0.32,0,0,315_CT_8,8,U55,CT,Gas CT,NG
316,62.0,80.0,80,-50,1.0449,100,1,155.0,62,8.0,8.0,3.0,60,11.0,3.0,10778.1,7437.5,6892.1,0,0,0.04,960,40,4.0,2.11399,0.4,0.6,0.8,1.0,NA,11846.0,9989.0,10070.0,12902.0,NA,0.0,Unit-specific,Unit-specific,Unit-specific,Unit-specific,210,0.001,0.004,0.02,0.003,0,3.0,182,0.13,0.3,0,0,316_STEAM_1,1,U155,STEAM,Coal,Coal
318,170.0,63.12,150,-25,1.05,100,1,355.0,170,4.5,8.0,4.14,2,1.0,0.5,7215.1,4536.1,3196.6,0,0,0.033,967,33,1.07,3.88722,0.478873239,0.65258216,0.82629108,1.0,NA,7952.0,6906.0,7017.0,8111.0,NA,0.0,0,0.0006,0.079999998,0,118,0.0,0.0,0.0,0.0,0,5.0,414,0.13,0.3,0,0,318_CC_1,1,U355,CC,Gas CC,NG
321,170.0000000000007,-3.34,150,-25,1.05,100,1,355.0,170,4.5,8.0,4.14,2,1.0,0.5,7215.1,4536.1,3196.6,0,0,0.033,967,33,1.07,3.88722,0.478873239,0.65258216,0.82629108,1.0,NA,7227.0,5848.0,6665.0,8733.0,NA,0.0,0,0.0006,0.079999998,0,118,0.0,0.0,0.0,0.0,0,5.0,414,0.13,0.3,0,0,321_CC_1,1,U355,CC,Gas CC,NG
322,21.999999999999993,-9.73,19,-15,1.05,100,1,55.0,22,2.2,2.2,3.7,1,0.75,0.25,1457.4,1122.5,452.8,0,0,0.031,969,31,0.79,3.88722,0.4,0.6,0.8,1.0,NA,12064.0,6003.0,6817.0,7176.0,NA,0.0,0,0.0006,0.079999998,0,118,0.0,0.0,0.0,0.0,0,2.8,64,0.13,0.32,0,0,322_CT_5,5,U55,CT,Gas CT,NG
322,21.999999999999993,-9.73,19,-15,1.05,100,1,55.0,22,2.2,2.2,3.7,1,0.75,0.25,1457.4,1122.5,452.8,0,0,0.031,969,31,0.79,3.88722,0.4,0.6,0.8,1.0,NA,12064.0,6003.0,6817.0,7176.0,NA,0.0,0,0.0006,0.079999998,0,118,0.0,0.0,0.0,0.0,0,2.8,64,0.13,0.32,0,0,322_CT_6,6,U55,CT,Gas CT,NG
323,170.0,37.41,150,-25,1.05,100,1,355.0,170,4.5,8.0,4.14,2,1.0,0.5,7215.1,4536.1,3196.6,0,0,0.033,967,33,1.07,3.88722,0.478873239,0.65258216,0.82629108,1.0,NA,7381.0,6799.0,7789.0,8162.0,NA,0.0,0,0.0006,0.079999998,0,118,0.0,0.0,0.0,0.0,0,5.0,414,0.13,0.3,0,0,323_CC_1,1,U355,CC,Gas CC,NG
323,170.0,37.41,150,-25,1.05,100,1,355.0,170,4.5,8.0,4.14,2,1.0,0.5,7215.1,4536.1,3196.6,0,0,0.033,967,33,1.07,3.88722,0.478873239,0.65258216,0.82629108,1.0,NA,7381.0,6799.0,7789.0,8162.0,NA,0.0,0,0.0006,0.079999998,0,118,0.0,0.0,0.0,0.0,0,5.0,414,0.13,0.3,0,0,323_CC_2,2,U355,CC,Gas CC,NG
114,0.0,103.32,200,-50,1.0441,100,1,0.0,0,0.0,0.0,0.0,0,0.0,0.0,0.0,0.0,0.0,0,0,0.0,0,0,0.0,0.0,0.0,0.0,0.0,0.0,NA,0.0,0.0,0.0,0.0,NA,0.0,0,0,0,0,0,0.0,0.0,0.0,0.0,0,0.0,0,0.0,0.0,0,0,114_SYNC_COND_1,1,Sync_Cond,SYNC_COND,Sync_Cond,Sync_Cond
121,396.00000000000284,-21.87,200,-50,1.05,100,1,400.0,396,48.0,24.0,20.0,9999,9999.0,9999.0,78978.0,0.0,9999.0,0,0,0.12,1100,150,6.0,0.81035,0.99,0.993333333,0.996666667,1.0,NA,10000.0,10000.0,10000.0,10000.0,NA,0.0,0,0,0,0,0,0.0,0.0,0.0,0.0,0,5.0,471,0.15,0.4,0,0,121_NUCLEAR_1,1,U400,NUCLEAR,Nuclear,Nuclear
122,0.0,-6.79,16,-10,1.05,100,1,50.0,0,0.0,0.0,50.0,0,0.0,0.0,0.0,0.0,0.0,0,0,0.01,1980,20,2.0,0.0,1.0,0.0,0.0,0.0,NA,3412.0,0.0,0.0,0.0,NA,0.0,0,0,0,0,0,0.0,0.0,0.0,0.0,0,3.5,53,0.1,0.28,0,0,122_HYDRO_1,1,U50,HYDRO,Hydro,Hydro
122,0.0,-6.79,16,-10,1.05,100,1,50.0,0,0.0,0.0,50.0,0,0.0,0.0,0.0,0.0,0.0,0,0,0.01,1980,20,2.0,0.0,1.0,0.0,0.0,0.0,NA,3412.0,0.0,0.0,0.0,NA,0.0,0,0,0,0,0,0.0,0.0,0.0,0.0,0,3.5,53,0.1,0.28,0,0,122_HYDRO_2,2,U50,HYDRO,Hydro,Hydro
122,0.0,-6.79,16,-10,1.05,100,1,50.0,0,0.0,0.0,50.0,0,0.0,0.0,0.0,0.0,0.0,0,0,0.01,1980,20,2.0,0.0,1.0,0.0,0.0,0.0,NA,3412.0,0.0,0.0,0.0,NA,0.0,0,0,0,0,0,0.0,0.0,0.0,0.0,0,3.5,53,0.1,0.28,0,0,122_HYDRO_3,3,U50,HYDRO,Hydro,Hydro
122,0.0,-6.79,16,-10,1.05,100,1,50.0,0,0.0,0.0,50.0,0,0.0,0.0,0.0,0.0,0.0,0,0,0.01,1980,20,2.0,0.0,1.0,0.0,0.0,0.0,NA,3412.0,0.0,0.0,0.0,NA,0.0,0,0,0,0,0,0.0,0.0,0.0,0.0,0,3.5,53,0.1,0.28,0,0,122_HYDRO_4,4,U50,HYDRO,Hydro,Hydro
122,0.0,-6.79,16,-10,1.05,100,1,50.0,0,0.0,0.0,50.0,0,0.0,0.0,0.0,0.0,0.0,0,0,0.01,1980,20,2.0,0.0,1.0,0.0,0.0,0.0,NA,3412.0,0.0,0.0,0.0,NA,0.0,0,0,0,0,0,0.0,0.0,0.0,0.0,0,3.5,53,0.1,0.28,0,0,122_HYDRO_5,5,U50,HYDRO,Hydro,Hydro
122,0.0,-6.79,16,-10,1.05,100,1,50.0,0,0.0,0.0,50.0,0,0.0,0.0,0.0,0.0,0.0,0,0,0.01,1980,20,2.0,0.0,1.0,0.0,0.0,0.0,NA,3412.0,0.0,0.0,0.0,NA,0.0,0,0,0,0,0,0.0,0.0,0.0,0.0,0,3.5,53,0.1,0.28,0,0,122_HYDRO_6,6,U50,HYDRO,Hydro,Hydro
201,7.105427357601002e-15,4.15,16,-10,1.05,100,1,50.0,0,0.0,0.0,50.0,0,0.0,0.0,0.0,0.0,0.0,0,0,0.01,1980,20,2.0,0.0,1.0,0.0,0.0,0.0,NA,3412.0,0.0,0.0,0.0,NA,0.0,0,0,0,0,0,0.0,0.0,0.0,0.0,0,3.5,53,0.1,0.28,0,0,201_HYDRO_4,4,U50,HYDRO,Hydro,Hydro
214,0.0,125.28,200,-50,1.05,100,1,0.0,0,0.0,0.0,0.0,0,0.0,0.0,0.0,0.0,0.0,0,0,0.0,0,0,0.0,0.0,0.0,0.0,0.0,0.0,NA,0.0,0.0,0.0,0.0,NA,0.0,0,0,0,0,0,0.0,0.0,0.0,0.0,0,0.0,0,0.0,0.0,0,0,214_SYNC_COND_1,1,Sync_Cond,SYNC_COND,Sync_Cond,Sync_Cond
215,0.0,16.0,16,-10,1.0437,100,1,50.0,0,0.0,0.0,50.0,0,0.0,0.0,0.0,0.0,0.0,0,0,0.01,1980,20,2.0,0.0,1.0,0.0,0.0,0.0,NA,3412.0,0.0,0.0,0.0,NA,0.0,0,0,0,0,0,0.0,0.0,0.0,0.0,0,3.5,53,0.1,0.28,0,0,215_HYDRO_1,1,U50,HYDRO,Hydro,Hydro
215,0.0,16.0,16,-10,1.0437,100,1,50.0,0,0.0,0.0,50.0,0,0.0,0.0,0.0,0.0,0.0,0,0,0.01,1980,20,2.0,0.0,1.0,0.0,0.0,0.0,NA,3412.0,0.0,0.0,0.0,NA,0.0,0,0,0,0,0,0.0,0.0,0.0,0.0,0,3.5,53,0.1,0.28,0,0,215_HYDRO_2,2,U50,HYDRO,Hydro,Hydro
215,0.0,16.0,16,-10,1.0437,100,1,50.0,0,0.0,0.0,50.0,0,0.0,0.0,0.0,0.0,0.0,0,0,0.01,1980,20,2.0,0.0,1.0,0.0,0.0,0.0,NA,3412.0,0.0,0.0,0.0,NA,0.0,0,0,0,0,0,0.0,0.0,0.0,0.0,0,3.5,53,0.1,0.28,0,0,215_HYDRO_3,3,U50,HYDRO,Hydro,Hydro
222,0.0,-6.97,16,-10,1.05,100,1,50.0,0,0.0,0.0,50.0,0,0.0,0.0,0.0,0.0,0.0,0,0,0.01,1980,20,2.0,0.0,1.0,0.0,0.0,0.0,NA,3412.0,0.0,0.0,0.0,NA,0.0,0,0,0,0,0,0.0,0.0,0.0,0.0,0,3.5,53,0.1,0.28,0,0,222_HYDRO_1,1,U50,HYDRO,Hydro,Hydro
222,0.0,-6.97,16,-10,1.05,100,1,50.0,0,0.0,0.0,50.0,0,0.0,0.0,0.0,0.0,0.0,0,0,0.01,1980,20,2.0,0.0,1.0,0.0,0.0,0.0,NA,3412.0,0.0,0.0,0.0,NA,0.0,0,0,0,0,0,0.0,0.0,0.0,0.0,0,3.5,53,0.1,0.28,0,0,222_HYDRO_2,2,U50,HYDRO,Hydro,Hydro
222,0.0,-6.97,16,-10,1.05,100,1,50.0,0,0.0,0.0,50.0,0,0.0,0.0,0.0,0.0,0.0,0,0,0.01,1980,20,2.0,0.0,1.0,0.0,0.0,0.0,NA,3412.0,0.0,0.0,0.0,NA,0.0,0,0,0,0,0,0.0,0.0,0.0,0.0,0,3.5,53,0.1,0.28,0,0,222_HYDRO_3,3,U50,HYDRO,Hydro,Hydro
222,0.0,-6.97,16,-10,1.05,100,1,50.0,0,0.0,0.0,50.0,0,0.0,0.0,0.0,0.0,0.0,0,0,0.01,1980,20,2.0,0.0,1.0,0.0,0.0,0.0,NA,3412.0,0.0,0.0,0.0,NA,0.0,0,0,0,0,0,0.0,0.0,0.0,0.0,0,3.5,53,0.1,0.28,0,0,222_HYDRO_4,4,U50,HYDRO,Hydro,Hydro
222,0.0,-6.97,16,-10,1.05,100,1,50.0,0,0.0,0.0,50.0,0,0.0,0.0,0.0,0.0,0.0,0,0,0.01,1980,20,2.0,0.0,1.0,0.0,0.0,0.0,NA,3412.0,0.0,0.0,0.0,NA,0.0,0,0,0,0,0,0.0,0.0,0.0,0.0,0,3.5,53,0.1,0.28,0,0,222_HYDRO_5,5,U50,HYDRO,Hydro,Hydro
222,0.0,-6.97,16,-10,1.05,100,1,50.0,0,0.0,0.0,50.0,0,0.0,0.0,0.0,0.0,0.0,0,0,0.01,1980,20,2.0,0.0,1.0,0.0,0.0,0.0,NA,3412.0,0.0,0.0,0.0,NA,0.0,0,0,0,0,0,0.0,0.0,0.0,0.0,0,3.5,53,0.1,0.28,0,0,222_HYDRO_6,6,U50,HYDRO,Hydro,Hydro
314,0.0,166.63,200,-50,1.05,100,1,0.0,0,0.0,0.0,0.0,0,0.0,0.0,0.0,0.0,0.0,0,0,0.0,0,0,0.0,0.0,0.0,0.0,0.0,0.0,NA,0.0,0.0,0.0,0.0,NA,0.0,0,0,0,0,0,0.0,0.0,0.0,0.0,0,0.0,0,0.0,0.0,0,0,314_SYNC_COND_1,1,Sync_Cond,SYNC_COND,Sync_Cond,Sync_Cond
322,0.0,-5.13,16,-10,1.05,100,1,50.0,0,0.0,0.0,50.0,0,0.0,0.0,0.0,0.0,0.0,0,0,0.01,1980,20,2.0,0.0,1.0,0.0,0.0,0.0,NA,3412.0,0.0,0.0,0.0,NA,0.0,0,0,0,0,0,0.0,0.0,0.0,0.0,0,3.5,53,0.1,0.28,0,0,322_HYDRO_1,1,U50,HYDRO,Hydro,Hydro
322,0.0,-5.13,16,-10,1.05,100,1,50.0,0,0.0,0.0,50.0,0,0.0,0.0,0.0,0.0,0.0,0,0,0.01,1980,20,2.0,0.0,1.0,0.0,0.0,0.0,NA,3412.0,0.0,0.0,0.0,NA,0.0,0,0,0,0,0,0.0,0.0,0.0,0.0,0,3.5,53,0.1,0.28,0,0,322_HYDRO_2,2,U50,HYDRO,Hydro,Hydro
322,0.0,-5.13,16,-10,1.05,100,1,50.0,0,0.0,0.0,50.0,0,0.0,0.0,0.0,0.0,0.0,0,0,0.01,1980,20,2.0,0.0,1.0,0.0,0.0,0.0,NA,3412.0,0.0,0.0,0.0,NA,0.0,0,0,0,0,0,0.0,0.0,0.0,0.0,0,3.5,53,0.1,0.28,0,0,322_HYDRO_3,3,U50,HYDRO,Hydro,Hydro
322,0.0,-5.13,16,-10,1.05,100,1,50.0,0,0.0,0.0,50.0,0,0.0,0.0,0.0,0.0,0.0,0,0,0.01,1980,20,2.0,0.0,1.0,0.0,0.0,0.0,NA,3412.0,0.0,0.0,0.0,NA,0.0,0,0,0,0,0,0.0,0.0,0.0,0.0,0,3.5,53,0.1,0.28,0,0,322_HYDRO_4,4,U50,HYDRO,Hydro,Hydro
101,21.6,0.0,0,0,1.0,100,1,21.6,0,0.0,0.0,51.6,0,0.0,0.0,0.0,0.0,0.0,0,0,0.0,0,0,0.0,0.0,0.0,0.0,0.0,0.0,NA,0.0,0.0,0.0,0.0,NA,0.0,0,0,0,0,0,0.0,0.0,0.0,0.0,0,0.0,0,0.0,0.0,0,0,320_PV_1,1,PV,PV,Solar PV,Solar
102,19.400000000000002,0.0,0,0,1.0,100,1,19.400000000000002,0,0.0,0.0,51.6,0,0.0,0.0,0.0,0.0,0.0,0,0,0.0,0,0,0.0,0.0,0.0,0.0,0.0,0.0,NA,0.0,0.0,0.0,0.0,NA,0.0,0,0,0,0,0,0.0,0.0,0.0,0.0,0,0.0,0,0.0,0.0,0,0,320_PV_1,1,PV,PV,Solar PV,Solar
107,25.0,0.0,0,0,1.0,100,1,25.0,0,0.0,0.0,51.6,0,0.0,0.0,0.0,0.0,0.0,0,0,0.0,0,0,0.0,0.0,0.0,0.0,0.0,0.0,NA,0.0,0.0,0.0,0.0,NA,0.0,0,0,0,0,0,0.0,0.0,0.0,0.0,0,0.0,0,0.0,0.0,0,0,320_PV_1,1,PV,PV,Solar PV,Solar
114,38.800000000000004,0.0,0,0,1.0,100,1,38.800000000000004,0,0.0,0.0,51.6,0,0.0,0.0,0.0,0.0,0.0,0,0,0.0,0,0,0.0,0.0,0.0,0.0,0.0,0.0,NA,0.0,0.0,0.0,0.0,NA,0.0,0,0,0,0,0,0.0,0.0,0.0,0.0,0,0.0,0,0.0,0.0,0,0,320_PV_1,1,PV,PV,Solar PV,Solar
115,7.105427357601002e-15,0.0,0,0,1.0,100,1,63.400000000000006,0,0.0,0.0,51.6,0,0.0,0.0,0.0,0.0,0.0,0,0,0.0,0,0,0.0,0.0,0.0,0.0,0.0,0.0,NA,0.0,0.0,0.0,0.0,NA,0.0,0,0,0,0,0,0.0,0.0,0.0,0.0,0,0.0,0,0.0,0.0,0,0,320_PV_1,1,PV,PV,Solar PV,Solar
116,0.0,0.0,0,0,1.0,100,1,20.0,0,0.0,0.0,51.6,0,0.0,0.0,0.0,0.0,0.0,0,0,0.0,0,0,0.0,0.0,0.0,0.0,0.0,0.0,NA,0.0,0.0,0.0,0.0,NA,0.0,0,0,0,0,0,0.0,0.0,0.0,0.0,0,0.0,0,0.0,0.0,0,0,320_PV_1,1,PV,PV,Solar PV,Solar
118,0.0,0.0,0,0,1.0,100,1,66.60000000000001,0,0.0,0.0,51.6,0,0.0,0.0,0.0,0.0,0.0,0,0,0.0,0,0,0.0,0.0,0.0,0.0,0.0,0.0,NA,0.0,0.0,0.0,0.0,NA,0.0,0,0,0,0,0,0.0,0.0,0.0,0.0,0,0.0,0,0.0,0.0,0,0,320_PV_1,1,PV,PV,Solar PV,Solar
121,0.0,0.0,0,0,1.0,100,1,0.0,0,0.0,0.0,51.6,0,0.0,0.0,0.0,0.0,0.0,0,0,0.0,0,0,0.0,0.0,0.0,0.0,0.0,0.0,NA,0.0,0.0,0.0,0.0,NA,0.0,0,0,0,0,0,0.0,0.0,0.0,0.0,0,0.0,0,0.0,0.0,0,0,320_PV_1,1,PV,PV,Solar PV,Solar
122,0.0,0.0,0,0,1.0,100,1,0.0,0,0.0,0.0,51.6,0,0.0,0.0,0.0,0.0,0.0,0,0,0.0,0,0,0.0,0.0,0.0,0.0,0.0,0.0,NA,0.0,0.0,0.0,0.0,NA,0.0,0,0,0,0,0,0.0,0.0,0.0,0.0,0,0.0,0,0.0,0.0,0,0,320_PV_1,1,PV,PV,Solar PV,Solar
123,0.0,0.0,0,0,1.0,100,1,0.0,0,0.0,0.0,51.6,0,0.0,0.0,0.0,0.0,0.0,0,0,0.0,0,0,0.0,0.0,0.0,0.0,0.0,0.0,NA,0.0,0.0,0.0,0.0,NA,0.0,0,0,0,0,0,0.0,0.0,0.0,0.0,0,0.0,0,0.0,0.0,0,0,320_PV_1,1,PV,PV,Solar PV,Solar
201,0.0,0.0,0,0,1.0,100,1,21.6,0,0.0,0.0,51.6,0,0.0,0.0,0.0,0.0,0.0,0,0,0.0,0,0,0.0,0.0,0.0,0.0,0.0,0.0,NA,0.0,0.0,0.0,0.0,NA,0.0,0,0,0,0,0,0.0,0.0,0.0,0.0,0,0.0,0,0.0,0.0,0,0,320_PV_1,1,PV,PV,Solar PV,Solar
202,0.0,0.0,0,0,1.0,100,1,19.400000000000002,0,0.0,0.0,51.6,0,0.0,0.0,0.0,0.0,0.0,0,0,0.0,0,0,0.0,0.0,0.0,0.0,0.0,0.0,NA,0.0,0.0,0.0,0.0,NA,0.0,0,0,0,0,0,0.0,0.0,0.0,0.0,0,0.0,0,0.0,0.0,0,0,320_PV_1,1,PV,PV,Solar PV,Solar
207,0.0,0.0,0,0,1.0,100,1,25.0,0,0.0,0.0,51.6,0,0.0,0.0,0.0,0.0,0.0,0,0,0.0,0,0,0.0,0.0,0.0,0.0,0.0,0.0,NA,0.0,0.0,0.0,0.0,NA,0.0,0,0,0,0,0,0.0,0.0,0.0,0.0,0,0.0,0,0.0,0.0,0,0,320_PV_1,1,PV,PV,Solar PV,Solar
213,0.0,0.0,0,0,1.0,100,1,53.0,0,0.0,0.0,51.6,0,0.0,0.0,0.0,0.0,0.0,0,0,0.0,0,0,0.0,0.0,0.0,0.0,0.0,0.0,NA,0.0,0.0,0.0,0.0,NA,0.0,0,0,0,0,0,0.0,0.0,0.0,0.0,0,0.0,0,0.0,0.0,0,0,320_PV_1,1,PV,PV,Solar PV,Solar
214,0.0,0.0,0,0,1.0,100,1,38.800000000000004,0,0.0,0.0,51.6,0,0.0,0.0,0.0,0.0,0.0,0,0,0.0,0,0,0.0,0.0,0.0,0.0,0.0,0.0,NA,0.0,0.0,0.0,0.0,NA,0.0,0,0,0,0,0,0.0,0.0,0.0,0.0,0,0.0,0,0.0,0.0,0,0,320_PV_1,1,PV,PV,Solar PV,Solar
215,7.105427357601002e-15,0.0,0,0,1.0,100,1,63.400000000000006,0,0.0,0.0,51.6,0,0.0,0.0,0.0,0.0,0.0,0,0,0.0,0,0,0.0,0.0,0.0,0.0,0.0,0.0,NA,0.0,0.0,0.0,0.0,NA,0.0,0,0,0,0,0,0.0,0.0,0.0,0.0,0,0.0,0,0.0,0.0,0,0,320_PV_1,1,PV,PV,Solar PV,Solar
216,0.0,0.0,0,0,1.0,100,1,20.0,0,0.0,0.0,51.6,0,0.0,0.0,0.0,0.0,0.0,0,0,0.0,0,0,0.0,0.0,0.0,0.0,0.0,0.0,NA,0.0,0.0,0.0,0.0,NA,0.0,0,0,0,0,0,0.0,0.0,0.0,0.0,0,0.0,0,0.0,0.0,0,0,320_PV_1,1,PV,PV,Solar PV,Solar
218,0.0,0.0,0,0,1.0,100,1,66.60000000000001,0,0.0,0.0,51.6,0,0.0,0.0,0.0,0.0,0.0,0,0,0.0,0,0,0.0,0.0,0.0,0.0,0.0,0.0,NA,0.0,0.0,0.0,0.0,NA,0.0,0,0,0,0,0,0.0,0.0,0.0,0.0,0,0.0,0,0.0,0.0,0,0,320_PV_1,1,PV,PV,Solar PV,Solar
221,0.0,0.0,0,0,1.0,100,1,0.0,0,0.0,0.0,51.6,0,0.0,0.0,0.0,0.0,0.0,0,0,0.0,0,0,0.0,0.0,0.0,0.0,0.0,0.0,NA,0.0,0.0,0.0,0.0,NA,0.0,0,0,0,0,0,0.0,0.0,0.0,0.0,0,0.0,0,0.0,0.0,0,0,320_PV_1,1,PV,PV,Solar PV,Solar
222,0.0,0.0,0,0,1.0,100,1,0.0,0,0.0,0.0,51.6,0,0.0,0.0,0.0,0.0,0.0,0,0,0.0,0,0,0.0,0.0,0.0,0.0,0.0,0.0,NA,0.0,0.0,0.0,0.0,NA,0.0,0,0,0,0,0,0.0,0.0,0.0,0.0,0,0.0,0,0.0,0.0,0,0,320_PV_1,1,PV,PV,Solar PV,Solar
223,0.0,0.0,0,0,1.0,100,1,0.0,0,0.0,0.0,51.6,0,0.0,0.0,0.0,0.0,0.0,0,0,0.0,0,0,0.0,0.0,0.0,0.0,0.0,0.0,NA,0.0,0.0,0.0,0.0,NA,0.0,0,0,0,0,0,0.0,0.0,0.0,0.0,0,0.0,0,0.0,0.0,0,0,320_PV_1,1,PV,PV,Solar PV,Solar
301,0.0,0.0,0,0,1.0,100,1,21.6,0,0.0,0.0,51.6,0,0.0,0.0,0.0,0.0,0.0,0,0,0.0,0,0,0.0,0.0,0.0,0.0,0.0,0.0,NA,0.0,0.0,0.0,0.0,NA,0.0,0,0,0,0,0,0.0,0.0,0.0,0.0,0,0.0,0,0.0,0.0,0,0,320_PV_1,1,PV,PV,Solar PV,Solar
302,0.0,0.0,0,0,1.0,100,1,19.400000000000002,0,0.0,0.0,51.6,0,0.0,0.0,0.0,0.0,0.0,0,0,0.0,0,0,0.0,0.0,0.0,0.0,0.0,0.0,NA,0.0,0.0,0.0,0.0,NA,0.0,0,0,0,0,0,0.0,0.0,0.0,0.0,0,0.0,0,0.0,0.0,0,0,320_PV_1,1,PV,PV,Solar PV,Solar
307,0.0,0.0,0,0,1.0,100,1,25.0,0,0.0,0.0,51.6,0,0.0,0.0,0.0,0.0,0.0,0,0,0.0,0,0,0.0,0.0,0.0,0.0,0.0,0.0,NA,0.0,0.0,0.0,0.0,NA,0.0,0,0,0,0,0,0.0,0.0,0.0,0.0,0,0.0,0,0.0,0.0,0,0,320_PV_1,1,PV,PV,Solar PV,Solar
313,0.0,0.0,0,0,1.0,100,1,53.0,0,0.0,0.0,51.6,0,0.0,0.0,0.0,0.0,0.0,0,0,0.0,0,0,0.0,0.0,0.0,0.0,0.0,0.0,NA,0.0,0.0,0.0,0.0,NA,0.0,0,0,0,0,0,0.0,0.0,0.0,0.0,0,0.0,0,0.0,0.0,0,0,320_PV_1,1,PV,PV,Solar PV,Solar
314,0.0,0.0,0,0,1.0,100,1,38.800000000000004,0,0.0,0.0,51.6,0,0.0,0.0,0.0,0.0,0.0,0,0,0.0,0,0,0.0,0.0,0.0,0.0,0.0,0.0,NA,0.0,0.0,0.0,0.0,NA,0.0,0,0,0,0,0,0.0,0.0,0.0,0.0,0,0.0,0,0.0,0.0,0,0,320_PV_1,1,PV,PV,Solar PV,Solar
315,7.105427357601002e-15,0.0,0,0,1.0,100,1,63.400000000000006,0,0.0,0.0,51.6,0,0.0,0.0,0.0,0.0,0.0,0,0,0.0,0,0,0.0,0.0,0.0,0.0,0.0,0.0,NA,0.0,0.0,0.0,0.0,NA,0.0,0,0,0,0,0,0.0,0.0,0.0,0.0,0,0.0,0,0.0,0.0,0,0,320_PV_1,1,PV,PV,Solar PV,Solar
316,0.0,0.0,0,0,1.0,100,1,20.0,0,0.0,0.0,51.6,0,0.0,0.0,0.0,0.0,0.0,0,0,0.0,0,0,0.0,0.0,0.0,0.0,0.0,0.0,NA,0.0,0.0,0.0,0.0,NA,0.0,0,0,0,0,0,0.0,0.0,0.0,0.0,0,0.0,0,0.0,0.0,0,0,320_PV_1,1,PV,PV,Solar PV,Solar
318,0.0,0.0,0,0,1.0,100,1,66.60000000000001,0,0.0,0.0,51.6,0,0.0,0.0,0.0,0.0,0.0,0,0,0.0,0,0,0.0,0.0,0.0,0.0,0.0,0.0,NA,0.0,0.0,0.0,0.0,NA,0.0,0,0,0,0,0,0.0,0.0,0.0,0.0,0,0.0,0,0.0,0.0,0,0,320_PV_1,1,PV,PV,Solar PV,Solar
321,0.0,0.0,0,0,1.0,100,1,0.0,0,0.0,0.0,51.6,0,0.0,0.0,0.0,0.0,0.0,0,0,0.0,0,0,0.0,0.0,0.0,0.0,0.0,0.0,NA,0.0,0.0,0.0,0.0,NA,0.0,0,0,0,0,0,0.0,0.0,0.0,0.0,0,0.0,0,0.0,0.0,0,0,320_PV_1,1,PV,PV,Solar PV,Solar
322,0.0,0.0,0,0,1.0,100,1,0.0,0,0.0,0.0,51.6,0,0.0,0.0,0.0,0.0,0.0,0,0,0.0,0,0,0.0,0.0,0.0,0.0,0.0,0.0,NA,0.0,0.0,0.0,0.0,NA,0.0,0,0,0,0,0,0.0,0.0,0.0,0.0,0,0.0,0,0.0,0.0,0,0,320_PV_1,1,PV,PV,Solar PV,Solar
323,0.0,0.0,0,0,1.0,100,1,0.0,0,0.0,0.0,51.6,0,0.0,0.0,0.0,0.0,0.0,0,0,0.0,0,0,0.0,0.0,0.0,0.0,0.0,0.0,NA,0.0,0.0,0.0,0.0,NA,0.0,0,0,0,0,0,0.0,0.0,0.0,0.0,0,0.0,0,0.0,0.0,0,0,320_PV_1,1,PV,PV,Solar PV,Solar
